id,first_name,last_name,accountnumber,cardnumber
1,Mab,Skedgell,mskedgell0@ebay.co.uk,30346456155903
2,Ingemar,Trever,itrever1@photobucket.com,5307128006445819
3,Nicolina,Hoffman,nhoffman2@omniture.com,677139130397162334
4,Sidnee,Debell,sdebell3@theatlantic.com,5346587605443900
5,Hermia,Tredgold,htredgold4@cbsnews.com,3533232169521555
6,Mina,Gaspar,mgaspar5@umn.edu,3567684140098633
7,Denyse,Echallie,dechallie6@sciencedirect.com,4913242784447845
8,Timoteo,Gallard,tgallard7@cloudflare.com,4409892879585
9,Laurent,Roberto,lroberto8@163.com,676342113473807290
10,Gwyneth,Holligan,gholligan9@forbes.com,3587354474328974
11,Katrine,Dicty,kdictya@thetimes.co.uk,5559855835692147
12,Frederic,Ximenez,fximenezb@usnews.com,30281470749961
13,Elyse,Siggins,esigginsc@washingtonpost.com,3545493010434127
14,Carrissa,O'Lunney,colunneyd@shinystat.com,670956743164993015
15,Renie,Divall,rdivalle@forbes.com,3567173095665992
16,Theodore,Abotson,tabotsonf@nature.com,4405691751492777
17,Odelinda,Joust,ojoustg@google.com.au,374283060812112
18,Iorgo,Laurie,ilaurieh@jalbum.net,50388422756823236
19,Eryn,Pimlett,epimletti@ow.ly,3541261368276091
20,Warden,Ivashnyov,wivashnyovj@google.nl,5602242621766996
21,Connor,Grove,cgrovek@deliciousdays.com,4913277739189928
22,Julietta,Crotty,jcrottyl@latimes.com,6333773468089360625
23,Ronnica,Cable,rcablem@php.net,3555236051133372
24,Avictor,Ayto,aayton@google.ca,3588022212409575
25,Katharina,Poznanski,kpoznanskio@tripod.com,564182864514450059
26,Melosa,Bavin,mbavinp@utexas.edu,3572107388710787
27,Warner,Mawson,wmawsonq@goodreads.com,3531410364189624
28,Melli,Pusill,mpusillr@bandcamp.com,370339440454076
29,Winfred,Bourhill,wbourhills@jigsy.com,3550492378852773
30,Colver,Scougall,cscougallt@tuttocitta.it,201817779551625
31,Bernie,Sharrier,bsharrieru@usatoday.com,3586359335182321
32,Ashlan,White,awhitev@weather.com,67064650868443759
33,Orsola,Alker,oalkerw@webeden.co.uk,560222374738932411
34,Yanaton,Walkowski,ywalkowskix@t-online.de,5602259529836360598
35,West,Myrtle,wmyrtley@ft.com,3562948805795733
36,Pedro,Strangeways,pstrangewaysz@yahoo.co.jp,5602249610544979
37,Christi,Bradborne,cbradborne10@scribd.com,6763630557068135
38,Jo ann,Ghirardi,jghirardi11@t.co,3540579073728630
39,Ailyn,Pharro,apharro12@dell.com,30538954562495
40,Gui,Cowherd,gcowherd13@gravatar.com,5602212886407586
41,Stephan,Rumbelow,srumbelow14@digg.com,6762094344222446880
42,Keen,Cattow,kcattow15@altervista.org,6759246877907013
43,Kym,Blythin,kblythin16@webs.com,5145715450812787
44,Boy,Oury,boury17@guardian.co.uk,3581943572892570
45,Rafi,Dugood,rdugood18@weebly.com,3535517719865488
46,Beilul,Millions,bmillions19@wisc.edu,3587442753743144
47,Waldon,Snaddin,wsnaddin1a@slideshare.net,4017954047180691
48,Denys,Caghy,dcaghy1b@tuttocitta.it,3575018367432300
49,Tildie,Morin,tmorin1c@tamu.edu,56022570218161824
50,Nollie,Drewett,ndrewett1d@istockphoto.com,4936658769016428126
51,Cherlyn,Atyeo,catyeo1e@360.cn,4911336058037542518
52,Shane,Edwinson,sedwinson1f@wordpress.com,5277750747247513
53,Boote,Titman,btitman1g@aol.com,6709324649449837
54,Bo,Knyvett,bknyvett1h@cnn.com,347689615255611
55,Amabelle,Woodier,awoodier1i@flavors.me,3536090384164495
56,Asia,Rubinsky,arubinsky1j@ehow.com,5602254807740711
57,Terra,Tourne,ttourne1k@cnbc.com,3528123429904771
58,Calv,Pagin,cpagin1l@usda.gov,3543263238157020
59,Bendite,Cavendish,bcavendish1m@unesco.org,3554206830453376
60,Kata,Gleder,kgleder1n@flavors.me,5383110833882056
61,Jay,Eacle,jeacle1o@aboutads.info,5602225396214557
62,Orren,Piele,opiele1p@comsenz.com,3532607617690865
63,Wilmar,Yarrington,wyarrington1q@ibm.com,3587059651419450
64,Tracey,Friatt,tfriatt1r@networkadvertising.org,5442180602974391
65,Robin,O'Sullivan,rosullivan1s@devhub.com,3565158964384777
66,Andres,Wheatcroft,awheatcroft1t@cyberchimps.com,50207267691578331
67,Evan,Brankley,ebrankley1u@ftc.gov,3584484095303107
68,Cord,Matlock,cmatlock1v@usa.gov,670683536945869334
69,Matthew,Castagnaro,mcastagnaro1w@huffingtonpost.com,3576779524452627
70,Sheridan,Reiglar,sreiglar1x@sina.com.cn,30134904867505
71,Vale,Banat,vbanat1y@sun.com,3578609485996189
72,Baron,Kenway,bkenway1z@cyberchimps.com,5400667764158524
73,Terrell,Thing,tthing20@domainmarket.com,3584174698354173
74,Andria,Spellessy,aspellessy21@google.cn,3578738994178763
75,Luca,Clampett,lclampett22@aol.com,3541303786286615
76,Trudy,Iggulden,tiggulden23@engadget.com,3543419389913450
77,Martita,Brattan,mbrattan24@unblog.fr,3541366188141522
78,Arliene,Coates,acoates25@nytimes.com,5007663005561268
79,Shaun,Gillhespy,sgillhespy26@ebay.co.uk,5100138232832697
80,Artemas,Belham,abelham27@hexun.com,3555932770803697
81,Duffie,Dorney,ddorney28@vinaora.com,3535598905393394
82,Cathi,Badam,cbadam29@yandex.ru,3536107714054087
83,Dulcie,Riccione,driccione2a@amazon.de,374622924267353
84,Tessa,Anthonies,tanthonies2b@homestead.com,3585436391828582
85,Yule,Evamy,yevamy2c@squarespace.com,5602239283254528303
86,Abbye,Cuthbert,acuthbert2d@reverbnation.com,3557207050029752
87,Arlen,Batter,abatter2e@economist.com,201507294006342
88,Nevile,Cianelli,ncianelli2f@cornell.edu,4911899467791409948
89,Marin,Ferryn,mferryn2g@adobe.com,30330257963509
90,Kirbee,Haig,khaig2h@wordpress.com,4903871982765285
91,Harmonie,Carleton,hcarleton2i@businesswire.com,5396654242634512
92,Brit,Parres,bparres2j@berkeley.edu,3528172140278536
93,Jourdan,Shuker,jshuker2k@t.co,4508050575475060
94,Madlen,Morrell,mmorrell2l@dailymotion.com,6331107598239796
95,Park,Ploughwright,pploughwright2m@wiley.com,3538135058507517
96,Horatia,Van der Veldt,hvanderveldt2n@histats.com,4175002115254598
97,Whitman,Chisolm,wchisolm2o@adobe.com,30441313791667
98,Rabbi,Prestie,rprestie2p@lycos.com,30307974116918
99,Ara,Dace,adace2q@netvibes.com,3542447930455466
100,Broderic,Sich,bsich2r@imgur.com,3582058476163280
101,Tonia,Gemlett,tgemlett2s@bloglines.com,5602254427390533
102,Ursola,Clissold,uclissold2t@sourceforge.net,3587705182381243
103,Ignazio,Jadczak,ijadczak2u@taobao.com,344597195782321
104,Layton,Arnowitz,larnowitz2v@comcast.net,4903823430477241587
105,Tanner,Frankom,tfrankom2w@wikimedia.org,3543631130081326
106,Donnie,Humpatch,dhumpatch2x@nhs.uk,4508069290866395
107,Chloe,Ballinghall,cballinghall2y@youku.com,5216353679949117
108,Jess,Mayall,jmayall2z@sphinn.com,4017954697931104
109,Adaline,Pheazey,apheazey30@mail.ru,30327006560859
110,Karena,Boshell,kboshell31@biglobe.ne.jp,3560871923684013
111,Charles,Blything,cblything32@indiatimes.com,3534251029423686
112,Dusty,Peirone,dpeirone33@biglobe.ne.jp,589360669729557569
113,Dory,Dumblton,ddumblton34@imgur.com,4161181264561
114,Cam,Ambrogelli,cambrogelli35@sina.com.cn,3555770202649571
115,Winn,McGrah,wmcgrah36@gov.uk,5175834010347722
116,Genevieve,Doag,gdoag37@reuters.com,3586873380232252
117,Ermentrude,Clericoates,eclericoates38@issuu.com,3588203051076564
118,Ewart,Gellan,egellan39@army.mil,3541371121881374
119,Amelita,Ackwood,aackwood3a@facebook.com,3533420478669310
120,Meryl,Leber,mleber3b@dailymotion.com,3578886103947691
121,Roslyn,O' Bee,robee3c@admin.ch,3581574971077339
122,Tonia,Huntingford,thuntingford3d@tinyurl.com,372301289202501
123,Velvet,Velten,vvelten3e@goo.gl,0604142530926572904
124,Tirrell,Paal,tpaal3f@reuters.com,3577050934861511
125,Courtenay,Hadley,chadley3g@ucoz.ru,56022158826061972
126,Orville,Terbruggen,oterbruggen3h@deliciousdays.com,5587222252791231
127,Row,Beckley,rbeckley3i@cnbc.com,3550590388594325
128,Miquela,Showte,mshowte3j@japanpost.jp,3578225408486438
129,Danielle,Pennycuick,dpennycuick3k@free.fr,3566412429797100
130,Shepperd,Meriott,smeriott3l@csmonitor.com,3548343026522406
131,Leigha,Lewson,llewson3m@opensource.org,3580841757254742
132,Emmye,Clutheram,eclutheram3n@ameblo.jp,4041378314058
133,Ado,Makinson,amakinson3o@china.com.cn,5007667995357603
134,Nicole,Giff,ngiff3p@nationalgeographic.com,4936793214441751
135,Sinclair,Klimashevich,sklimashevich3q@gnu.org,5602229714128325
136,Tammi,Engley,tengley3r@businessinsider.com,3556028585109013
137,Willetta,Kienzle,wkienzle3s@marriott.com,3562937234178975
138,Kayley,Fitter,kfitter3t@washington.edu,564182994627623266
139,Donni,Stubbings,dstubbings3u@soup.io,5602217301280674
140,Basilius,Raith,braith3v@upenn.edu,6378698574694735
141,Brooks,Windless,bwindless3w@de.vu,6759586383610573500
142,Paco,Balam,pbalam3x@indiegogo.com,589304378401970145
143,Janela,Lorentzen,jlorentzen3y@ibm.com,5048370758025274
144,Gustavo,Courtman,gcourtman3z@hud.gov,3549973166975425
145,Dorella,Winch,dwinch40@youtu.be,3543821576895129
146,Tracy,Creighton,tcreighton41@china.com.cn,379932962447303
147,Lavena,Gallen,lgallen42@cargocollective.com,5602214144267489
148,Gallard,Redgewell,gredgewell43@youtu.be,4903862843906255543
149,Giorgia,Pullan,gpullan44@cbsnews.com,3584522960498393
150,Lorrayne,Crocetti,lcrocetti45@narod.ru,5010124976074042
151,Remus,Colyer,rcolyer46@exblog.jp,6759504562093121
152,Gerianna,Dollen,gdollen47@google.fr,5100138172541241
153,Audrie,Merrywether,amerrywether48@istockphoto.com,5108754014758009
154,Fleur,Hellis,fhellis49@aboutads.info,3568754705748390
155,Andra,Bille,abille4a@dagondesign.com,3542197065509146
156,Annamarie,Gages,agages4b@exblog.jp,30568804657237
157,Ingram,Elletson,ielletson4c@sciencedirect.com,30394669037104
158,Rouvin,Gaiford,rgaiford4d@biglobe.ne.jp,5610753127786502
159,Cristine,Skrine,cskrine4e@php.net,3531443370037099
160,Michal,Mordey,mmordey4f@sakura.ne.jp,3578982051922719
161,Esme,Domelow,edomelow4g@artisteer.com,3567838139299921
162,Benedict,Laurent,blaurent4h@va.gov,5602218633539563
163,Caren,Carlow,ccarlow4i@independent.co.uk,3581833887152176
164,Carry,Tasch,ctasch4j@va.gov,56022545602186421
165,Daisie,Bewick,dbewick4k@usatoday.com,6706594720349766460
166,Shandeigh,Kingett,skingett4l@un.org,3534384930408957
167,Sonnie,Jefferys,sjefferys4m@multiply.com,5602241395270490
168,Leeann,O'Lagene,lolagene4n@prnewswire.com,3582230561763049
169,Tara,Drayson,tdrayson4o@bloglines.com,3579211832555534
170,Lyda,Prigmore,lprigmore4p@tumblr.com,4175009867285043
171,Alys,McMonies,amcmonies4q@soup.io,30398744507601
172,Kimmy,Lawrenceson,klawrenceson4r@dropbox.com,3586121537826661
173,Flint,Cowtherd,fcowtherd4s@shutterfly.com,633482956467575351
174,Vere,Santo,vsanto4t@nytimes.com,3554264163085455
175,Giavani,Gorbell,ggorbell4u@umich.edu,5100147996701295
176,Francisca,Zambon,fzambon4v@discuz.net,3568810643586803
177,L;urette,Imore,limore4w@noaa.gov,3571196881301930
178,Alfie,Conochie,aconochie4x@ameblo.jp,30192687198951
179,Annabell,Palatini,apalatini4y@intel.com,3554702267509375
180,Ferdy,McFeate,fmcfeate4z@vistaprint.com,3572738253835323
181,Daisie,Ivanenkov,divanenkov50@etsy.com,3552120645952948
182,Gustavus,Chasmar,gchasmar51@csmonitor.com,36060449308743
183,Corrie,Macallam,cmacallam52@mashable.com,30504065485356
184,Jeff,Ellinor,jellinor53@soup.io,374288685411950
185,Leia,Davenport,ldavenport54@twitpic.com,3530862386722223
186,Karmen,Rigmand,krigmand55@springer.com,3581905452237531
187,Marven,Bretherick,mbretherick56@wikimedia.org,3586197394816060
188,Bernarr,Minghi,bminghi57@shutterfly.com,3541731770920114
189,Ingar,Fickling,ifickling58@slate.com,3554237406567836
190,Lila,Jerrold,ljerrold59@clickbank.net,4903796300499590
191,Maxie,Hrus,mhrus5a@skype.com,374622404647272
192,Denice,Snasdell,dsnasdell5b@geocities.com,3542679834877383
193,Silvie,Zellmer,szellmer5c@usgs.gov,502091944868718739
194,Creighton,Chaffer,cchaffer5d@topsy.com,3554331497752835
195,Cynthea,Eeles,ceeles5e@canalblog.com,3588509323543268
196,Carny,Maunders,cmaunders5f@businesswire.com,3577273799593561
197,Cass,Mozzi,cmozzi5g@ustream.tv,3548367001873013
198,Zorana,Goodson,zgoodson5h@hubpages.com,5610611746082770
199,Bunnie,St. Pierre,bstpierre5i@technorati.com,633110262606944891
200,Carleton,O'Spellissey,cospellissey5j@seattletimes.com,4903742858720540
201,Johnna,Huerta,jhuerta5k@constantcontact.com,337941577455677
202,Osmund,Diplock,odiplock5l@imdb.com,5186583082858473
203,Dacy,Grise,dgrise5m@webeden.co.uk,3551058349485735
204,Onfre,O'Doherty,oodoherty5n@github.com,5602227681126520
205,Anna-diana,Breinlein,abreinlein5o@businessinsider.com,3565995538354657
206,Rina,Vaulkhard,rvaulkhard5p@posterous.com,589380832302079205
207,Guido,Phetteplace,gphetteplace5q@homestead.com,3545239658111158
208,Karim,D'Onisi,kdonisi5r@shop-pro.jp,5602224827525715
209,Andie,Stein,astein5s@bloglines.com,3577567716764662
210,Lief,Herreran,lherreran5t@oakley.com,5048373522716947
211,Nataline,Umpleby,numpleby5u@bravesites.com,3547654176902771
212,Alexandro,Shingler,ashingler5v@independent.co.uk,560225397493292934
213,Perry,Asipenko,pasipenko5w@infoseek.co.jp,0604904486371714566
214,Daryl,Featherstonhalgh,dfeatherstonhalgh5x@hugedomains.com,3554117168774822
215,Royal,Lathleiff,rlathleiff5y@moonfruit.com,6334496972392952865
216,Melinde,Fillis,mfillis5z@berkeley.edu,3579425337173714
217,Jo-ann,Smitheman,jsmitheman60@ucla.edu,3532404174496682
218,Carmela,Hubach,chubach61@vkontakte.ru,3586722145670985
219,Conan,Benner,cbenner62@yellowpages.com,30202618312546
220,Neal,Berni,nberni63@4shared.com,5018702256209934864
221,Elwood,Paviour,epaviour64@bloglines.com,3556848393877679
222,Ingaborg,Hurry,ihurry65@mozilla.org,5602251363987533599
223,Zarah,Bierling,zbierling66@psu.edu,67614184763234712
224,Regan,Woodburne,rwoodburne67@mozilla.org,3578779819023826
225,Brent,Radloff,bradloff68@icq.com,3544344823437495
226,Fernanda,Tosh,ftosh69@eepurl.com,3553942651496422
227,Stefan,Folkard,sfolkard6a@deviantart.com,5263822908108804
228,Carr,Bruineman,cbruineman6b@jalbum.net,3572495397094305
229,Ciro,Andreix,candreix6c@narod.ru,3579414455047769
230,Allie,Clyde,aclyde6d@walmart.com,4175007928078092
231,Savina,Hakey,shakey6e@sphinn.com,5171882162509858
232,Boris,Crapper,bcrapper6f@virginia.edu,30184236371270
233,Collie,Emblem,cemblem6g@spotify.com,30245017346961
234,Byrom,Dalling,bdalling6h@theguardian.com,4041370959405
235,Sully,Kneath,skneath6i@deviantart.com,3580036795299227
236,Ermina,Duffy,eduffy6j@comcast.net,4508951178973817
237,Griswold,Chetwind,gchetwind6k@irs.gov,36602190794645
238,See,McOwan,smcowan6l@ovh.net,5569548549552685
239,Misha,Guerrieri,mguerrieri6m@samsung.com,3552968845157332
240,Dilan,Sumpton,dsumpton6n@state.tx.us,3563419026674064
241,Denni,Danher,ddanher6o@photobucket.com,6762010171155660
242,Ardyth,Doran,adoran6p@marketwatch.com,3572308382445814
243,Cyb,Spruce,cspruce6q@patch.com,3577152064154889
244,Kenna,Simkin,ksimkin6r@blinklist.com,5010127288725649
245,Walther,Sorrie,wsorrie6s@spiegel.de,201757261816047
246,Berty,Beavington,bbeavington6t@fema.gov,5010122910819977
247,Godiva,O'Carran,gocarran6u@adobe.com,3573335588312638
248,Matti,Haggath,mhaggath6v@printfriendly.com,5338166324748152
249,Minnie,Woffenden,mwoffenden6w@simplemachines.org,3577853679240886
250,Carrol,Arthurs,carthurs6x@oaic.gov.au,5417419088407406
251,Dalenna,Jillard,djillard6y@over-blog.com,3559917724627652
252,Gerrard,Kiljan,gkiljan6z@chicagotribune.com,5602216430883341
253,Else,Idale,eidale70@purevolume.com,3555050062248560
254,Dorice,Tweedlie,dtweedlie71@multiply.com,30229105928617
255,Shelby,Harlett,sharlett72@vinaora.com,56022330766766544
256,Odella,Gleeton,ogleeton73@latimes.com,3588863902609622
257,Emmerich,Eppson,eeppson74@facebook.com,201586324948681
258,Christa,Finding,cfinding75@techcrunch.com,5602230148343597
259,Prudence,Winchurch,pwinchurch76@t.co,5602213111234076
260,Lester,Owthwaite,lowthwaite77@deliciousdays.com,670904700555644220
261,Leshia,Plaistowe,lplaistowe78@rambler.ru,3583541734781331
262,Robinia,Shimony,rshimony79@phpbb.com,5007663139878356
263,Maggi,Spat,mspat7a@google.com,3584650953176021
264,Dorie,Fyfe,dfyfe7b@vinaora.com,5602216341535956
265,Ardath,Saveall,asaveall7c@mashable.com,3571219528394934
266,Benetta,Garnsworth,bgarnsworth7d@mail.ru,30506318674074
267,Lisle,Mixer,lmixer7e@cmu.edu,3559939095528293
268,Brandie,Grabeham,bgrabeham7f@apache.org,3582104673701983
269,Donaugh,Galbraeth,dgalbraeth7g@addtoany.com,6709221592528076390
270,Jeromy,Blood,jblood7h@furl.net,3547260040900940
271,Josias,McAndie,jmcandie7i@who.int,374283625667274
272,Geoffrey,Itzakovitz,gitzakovitz7j@google.cn,6304325784172034
273,Lila,Storm,lstorm7k@answers.com,67610540407150909
274,Leshia,Firman,lfirman7l@japanpost.jp,3568302448753648
275,Zacherie,Maggiore,zmaggiore7m@bizjournals.com,3547070077559216
276,Filippa,Futty,ffutty7n@ihg.com,3546719275486637
277,Natty,Statham,nstatham7o@storify.com,337941763329314
278,Husein,Moberley,hmoberley7p@forbes.com,345156359301847
279,Fayina,Peare,fpeare7q@biblegateway.com,4905590826215368
280,Drucill,Alsobrook,dalsobrook7r@example.com,3562802588863640
281,Alexia,Doveston,adoveston7s@bandcamp.com,3551037101070711
282,Livvy,Andrasch,landrasch7t@feedburner.com,3586883551840890
283,Alphonso,Tomanek,atomanek7u@wordpress.org,3573346068858065
284,Doralin,McCory,dmccory7v@wisc.edu,5568792169898611
285,Wilt,Espinos,wespinos7w@quantcast.com,36309314213433
286,Vincenz,Biermatowicz,vbiermatowicz7x@java.com,5100138759580380
287,Iorgo,Kemmis,ikemmis7y@pagesperso-orange.fr,3582963109218155
288,Claudelle,Bollen,cbollen7z@forbes.com,6759348675279858
289,Maximilien,Channing,mchanning80@pcworld.com,6709881147211777704
290,Hilliard,Aldred,haldred81@blinklist.com,201924527488371
291,Adrian,Cusack,acusack82@sbwire.com,63046994209609583
292,Alexis,Delgua,adelgua83@stanford.edu,5048379167018408
293,Lilas,Harder,lharder84@stumbleupon.com,3546477415155006
294,Bronnie,Haukey,bhaukey85@creativecommons.org,4508794466307995
295,Pierette,Coupe,pcoupe86@auda.org.au,3568211458394146
296,Helaina,Bernardos,hbernardos87@nationalgeographic.com,676295887726384200
297,Dasya,Whittenbury,dwhittenbury88@networkadvertising.org,50201185312339675
298,Nadeen,Souza,nsouza89@pbs.org,374622214545823
299,Viviene,Eilles,veilles8a@bluehost.com,5038059570223626364
300,Matteo,Thormann,mthormann8b@uiuc.edu,5390558069803926
301,Althea,Kirlin,akirlin8c@google.com.au,6334249651650218736
302,Obed,Elecum,oelecum8d@cisco.com,6706327808420567
303,Debra,Breckell,dbreckell8e@usgs.gov,676724209530531721
304,Casey,Brittain,cbrittain8f@wisc.edu,3588783316079628
305,Claire,Airdrie,cairdrie8g@purevolume.com,3574965188632875
306,Simon,Herion,sherion8h@blogspot.com,630462163360742267
307,Justis,Jeaves,jjeaves8i@cpanel.net,30245233659056
308,Dolli,Sweetsur,dsweetsur8j@theglobeandmail.com,3555386246353060
309,Jeanine,Lazare,jlazare8k@photobucket.com,3587162820328741
310,Jaimie,Lissett,jlissett8l@phoca.cz,3571107392140592
311,Devland,Di Batista,ddibatista8m@illinois.edu,3534345644157925
312,Meier,Partington,mpartington8n@wufoo.com,5100130482195008
313,Leela,Oldall,loldall8o@digg.com,6706878511693734
314,Wiley,Lydiate,wlydiate8p@boston.com,491165130275745302
315,Reuven,Readwing,rreadwing8q@fastcompany.com,3558636266583732
316,Clevie,Mazzeo,cmazzeo8r@soup.io,6331109226731996
317,Vin,Gradwell,vgradwell8s@sciencedirect.com,4917282540012703
318,Jenny,Santer,jsanter8t@thetimes.co.uk,6385156675282943
319,Angela,Nudde,anudde8u@china.com.cn,5511474904467634
320,Carling,Jonah,cjonah8v@home.pl,67061672986183979
321,Juli,O'Shavlan,joshavlan8w@accuweather.com,4175003262791143
322,Celene,Cantopher,ccantopher8x@usda.gov,50204619136465040
323,Lorianne,Whoston,lwhoston8y@ft.com,3533147967910943
324,Lockwood,Dochon,ldochon8z@linkedin.com,560225358599405382
325,Bettye,Wooffinden,bwooffinden90@apache.org,6331101068292004916
326,Evvie,Talmadge,etalmadge91@flickr.com,5602220954453135
327,Daron,Aspall,daspall92@dedecms.com,3587630914629760
328,Cayla,Camacke,ccamacke93@craigslist.org,4917098148794322
329,Merrick,Cirlos,mcirlos94@amazon.com,561094306938258125
330,Fredi,Campanelle,fcampanelle95@csmonitor.com,3577562913022451
331,Towney,Gowdridge,tgowdridge96@1und1.de,5100143705656490
332,Claudio,Haward,chaward97@360.cn,4405705653929072
333,Blondie,Axleby,baxleby98@oaic.gov.au,3531831204611305
334,Parnell,Fearick,pfearick99@seesaa.net,060401498025903217
335,Josephine,Hands,jhands9a@toplist.cz,5610496647618009
336,Ailsun,Kubasiewicz,akubasiewicz9b@howstuffworks.com,30538027776437
337,Mommy,Pedrick,mpedrick9c@howstuffworks.com,3587313512437049
338,Jamie,Menary,jmenary9d@ycombinator.com,3565005129811089
339,Carol,Granville,cgranville9e@businessinsider.com,4508840405108240
340,Kenneth,Greatbach,kgreatbach9f@unblog.fr,374622199701235
341,Elwyn,Kobieriecki,ekobieriecki9g@statcounter.com,201680517189342
342,Zola,Dosedale,zdosedale9h@google.com,56022572791721800
343,Sibelle,Worviell,sworviell9i@twitter.com,6396617594812364
344,Estrellita,Winspeare,ewinspeare9j@pen.io,6389193859272271
345,Ozzie,Felmingham,ofelmingham9k@ebay.com,676369098356784708
346,Hermione,Vlasov,hvlasov9l@last.fm,3538560755593157
347,Yves,Saller,ysaller9m@msn.com,6334431343705670
348,Trudie,Stefanovic,tstefanovic9n@soup.io,3584207653999663
349,Clementia,Dwelly,cdwelly9o@reverbnation.com,6771707251894493
350,Laryssa,Halsho,lhalsho9p@alexa.com,3566943527783576
351,Ara,Huyton,ahuyton9q@bizjournals.com,4041378628848734
352,Garvin,Philippou,gphilippou9r@g.co,3533181373295078
353,Katusha,Lambertini,klambertini9s@jimdo.com,3555081868568323
354,Nikolaus,Laflin,nlaflin9t@icio.us,3585426079137786
355,Yoshi,Mattheis,ymattheis9u@economist.com,3552306183236907
356,Kori,Gannan,kgannan9v@ucoz.com,3581219905445851
357,Rolland,Hawkeswood,rhawkeswood9w@cnbc.com,6334489230205295
358,Florentia,Huggons,fhuggons9x@psu.edu,3559797301031241
359,Tamarra,Massenhove,tmassenhove9y@behance.net,6397136713123289
360,Quinta,Hearnes,qhearnes9z@patch.com,30227444382942
361,Terencio,O'Hannen,tohannena0@clickbank.net,3568672853943532
362,Cahra,Ottewill,cottewilla1@e-recht24.de,3531283840060804
363,Kirby,Ouslem,kouslema2@nydailynews.com,5002355287161132
364,Urbain,Hunnywell,uhunnywella3@ucoz.ru,3589643675679237
365,Ronda,Godmar,rgodmara4@1und1.de,342531316976993
366,Ramona,Bottom,rbottoma5@netlog.com,3533762590585670
367,Lorilee,Gamlin,lgamlina6@wufoo.com,6372157850449682
368,Henka,Glashby,hglashbya7@irs.gov,3552593630160380
369,Gail,Edelheit,gedelheita8@walmart.com,5018372389106388
370,Alix,Cleyne,acleynea9@ebay.com,201869062873067
371,Charisse,Cowpe,ccowpeaa@narod.ru,3588068528449755
372,Karla,Barrus,kbarrusab@mlb.com,5602236869548204256
373,Howard,Pierce,hpierceac@ebay.co.uk,4917941077033891
374,Thorvald,Vogeler,tvogelerad@lulu.com,4917788883697868
375,Howard,Horrell,hhorrellae@cbslocal.com,372301022558227
376,Betta,Earp,bearpaf@qq.com,201827288463972
377,Ingmar,Fotitt,ifotittag@dailymail.co.uk,560223357145228175
378,Ivy,Goranov,igoranovah@wordpress.com,201918759562754
379,Rosabella,Riggert,rriggertai@hhs.gov,3528635236073102
380,Gale,Rodda,groddaaj@fastcompany.com,3562161433376948
381,Bernardine,Palay,bpalayak@webeden.co.uk,3578752774071437
382,Hadley,Keaysell,hkeaysellal@nhs.uk,201475620188806
383,Carin,Dumini,cduminiam@businesswire.com,5048375981360513
384,Lowell,Thraves,lthravesan@wikimedia.org,3533892582003067
385,Tate,Went,twentao@newyorker.com,6759400245967536
386,Janna,Vila,jvilaap@artisteer.com,5007663728226140
387,Wakefield,Rearden,wreardenaq@alexa.com,3543163736131792
388,Erinna,Royston,eroystonar@altervista.org,0604102573634478
389,Eric,Lode,elodeas@miitbeian.gov.cn,4917348391338883
390,Godwin,Beakes,gbeakesat@fema.gov,3550270209852232
391,Mari,Driver,mdriverau@mysql.com,201828831385704
392,Saw,Nevill,snevillav@webeden.co.uk,5048371079156103
393,Cookie,Hadrill,chadrillaw@state.gov,3550793355086362
394,Buddie,Bailes,bbailesax@bbb.org,374622768747353
395,Kaja,Mion,kmionay@google.it,5375248157728693
396,Aharon,Bordis,abordisaz@eepurl.com,3540117264420467
397,Fianna,Diffley,fdiffleyb0@163.com,490332800520111019
398,Merline,McGarva,mmcgarvab1@blogtalkradio.com,3541782593062733
399,Salvidor,Van Waadenburg,svanwaadenburgb2@canalblog.com,3559273119070334
400,Mufi,McPhilip,mmcphilipb3@amazon.co.uk,6370195655583018
401,Ranee,Habin,rhabinb4@rakuten.co.jp,3531297051998262
402,Stearn,Guillerman,sguillermanb5@xinhuanet.com,6759707786240850532
403,Nikolia,Pepye,npepyeb6@usnews.com,676316312744306411
404,Gearard,Hovey,ghoveyb7@tamu.edu,3554898118451765
405,Osbourn,Deek,odeekb8@usa.gov,4917830618701175
406,Kirby,Simonou,ksimonoub9@instagram.com,3532921813344924
407,Pauly,Castelyn,pcastelynba@hexun.com,5020577740959418
408,Cheslie,Ferroli,cferrolibb@pcworld.com,5100143801151966
409,Eryn,Durie,eduriebc@alexa.com,4175004753444820
410,Martica,Greatreax,mgreatreaxbd@seattletimes.com,4911829183257638483
411,Lorene,Bealing,lbealingbe@nhs.uk,4844740109483324
412,Anderson,Devenish,adevenishbf@yandex.ru,5602254264375977
413,Ardath,Damato,adamatobg@dailymotion.com,4041379006463
414,Desi,MacIlhagga,dmacilhaggabh@fc2.com,30161858001310
415,Benedikt,Blazewicz,bblazewiczbi@house.gov,3541671246459711
416,Lannie,Remnant,lremnantbj@nih.gov,3580524827988933
417,Liliane,Caton,lcatonbk@pcworld.com,201826687642657
418,Clemence,Kynastone,ckynastonebl@ox.ac.uk,5610273804120719
419,Davide,Atyea,datyeabm@webeden.co.uk,3552417645832496
420,Terence,Pratten,tprattenbn@soundcloud.com,3558562881465255
421,Brocky,Alberts,balbertsbo@who.int,3578320996832521
422,Dulci,Seaborne,dseabornebp@cmu.edu,6763205544276925
423,Max,Kimble,mkimblebq@de.vu,3528712403497008
424,Alexis,McCorry,amccorrybr@t-online.de,3551765985497887
425,Meredithe,Gheerhaert,mgheerhaertbs@histats.com,3531604616045168
426,Luciana,Bridgeman,lbridgemanbt@studiopress.com,3530196597679405
427,Joly,Lorans,jloransbu@sbwire.com,3547868414871529
428,Gwenni,Simion,gsimionbv@spotify.com,4175002106682245
429,Mayne,Scurrell,mscurrellbw@cafepress.com,30581161770238
430,Jaimie,Humblestone,jhumblestonebx@census.gov,3538440839530311
431,Barbie,Iorizzo,biorizzoby@nps.gov,3581561613061474
432,Cloris,Fackrell,cfackrellbz@google.com,5394606215089837
433,Orly,Clendening,oclendeningc0@ameblo.jp,3572935903586203
434,Deane,Gergolet,dgergoletc1@hexun.com,56103862570168105
435,Brianna,Kordes,bkordesc2@flickr.com,3546889893553330
436,Creigh,Slarke,cslarkec3@gmpg.org,3534941584606093
437,Finlay,Suddards,fsuddardsc4@ebay.co.uk,5448395804447327
438,Conny,Van Velde,cvanveldec5@shareasale.com,3567287611007347
439,Tye,Mantz,tmantzc6@usatoday.com,3543627100475787
440,Arnaldo,Revill,arevillc7@amazon.com,3540008939187120
441,Jennee,Ricold,jricoldc8@who.int,30553932118641
442,Katti,Annesley,kannesleyc9@sitemeter.com,3534463071098122
443,Kendall,Hentzeler,khentzelerca@ucsd.edu,3570065422606803
444,Ninon,Ethelston,nethelstoncb@cmu.edu,5100177240757710
445,Christin,Janz,cjanzcc@telegraph.co.uk,374288770525052
446,Fidel,Shore,fshorecd@constantcontact.com,3557025643989369
447,Brok,Breach,bbreachce@devhub.com,3538830257310578
448,Ianthe,Charleston,icharlestoncf@ca.gov,633333952607604350
449,Jermain,Steljes,jsteljescg@photobucket.com,3572183911655930
450,Daffie,Lambdon,dlambdonch@hibu.com,344121336064802
451,Pepita,Powles,ppowlesci@mapquest.com,5127244485879085
452,Tabby,McKune,tmckunecj@seesaa.net,3535510156791689
453,Alta,Fountian,afountianck@fema.gov,3583299043431235
454,Theresina,Von Der Empten,tvonderemptencl@cbc.ca,5010128959558327
455,Aila,Baseggio,abaseggiocm@ezinearticles.com,201782383012747
456,Derrek,Caseri,dcasericn@census.gov,3566266033899987
457,Hesther,Berndtsson,hberndtssonco@vk.com,3572261534222575
458,Tobiah,Kitchen,tkitchencp@businessweek.com,3582017373498611
459,Padgett,Wallach,pwallachcq@wp.com,201901341557151
460,Seline,Hopkynson,shopkynsoncr@xinhuanet.com,560223357253552499
461,Gabie,Putman,gputmancs@wix.com,3583058411077511
462,Gwenore,Baiden,gbaidenct@usnews.com,3551108492166697
463,Audie,Ewins,aewinscu@cafepress.com,30403146524160
464,Jessey,Gouge,jgougecv@icio.us,3583713242728571
465,Berget,Vaisey,bvaiseycw@oakley.com,4041376114112
466,Aurilia,Jobey,ajobeycx@goo.gl,633110361645683476
467,Dionne,Easun,deasuncy@furl.net,4026382242769374
468,Eduard,Milbourne,emilbournecz@state.tx.us,675927307559302722
469,Jillana,Morch,jmorchd0@wikipedia.org,3540666142332104
470,Laetitia,Beggs,lbeggsd1@wunderground.com,6763221234022586
471,Florida,Roney,froneyd2@sciencedirect.com,3537968652695713
472,Dannel,Couper,dcouperd3@disqus.com,3528518733612541
473,Rudolfo,Alflatt,ralflattd4@yellowpages.com,201888535693696
474,Ilysa,Lempel,ilempeld5@answers.com,6304945147866939
475,Loren,Franzetti,lfranzettid6@businesswire.com,5602214223653104
476,Celinda,Maddock,cmaddockd7@furl.net,560221023015859117
477,Drugi,Bugbird,dbugbirdd8@uol.com.br,3547248109284942
478,Elwin,Haw,ehawd9@bloomberg.com,6371543715738255
479,Tessa,Tearney,ttearneyda@si.edu,3566155874772132
480,Tabbitha,Nan Carrow,tnancarrowdb@oakley.com,3542031797460460
481,Jack,Gillford,jgillforddc@meetup.com,5468244248765065
482,Roth,Farmer,rfarmerdd@vinaora.com,5018694832745436471
483,Collete,Purchall,cpurchallde@mlb.com,3553032507045902
484,Jessi,Cutajar,jcutajardf@cpanel.net,5602246857482046
485,Ardene,Spennock,aspennockdg@hp.com,3566955900601977
486,Odie,Mathelin,omathelindh@ibm.com,3533395292671421
487,Lamond,Gilliland,lgillilanddi@twitter.com,4913371372265812
488,Vina,Jimes,vjimesdj@columbia.edu,63045169663333423
489,Sharona,Stonehouse,sstonehousedk@hatena.ne.jp,3529190080454494
490,Lars,Stollsteimer,lstollsteimerdl@theguardian.com,201528550033598
491,Madelin,Najera,mnajeradm@cornell.edu,3545284388959146
492,Genvieve,Twittey,gtwitteydn@hugedomains.com,5602252403857764
493,Dollie,Rubbert,drubbertdo@foxnews.com,201734955819926
494,King,Tithecott,ktithecottdp@uiuc.edu,6333934157363982
495,Burl,Robrose,brobrosedq@google.com,4026531716226135
496,Martita,Tuma,mtumadr@people.com.cn,3571758104929167
497,Byram,Spoure,bspoureds@parallels.com,3575239629303341
498,Lil,Oxe,loxedt@mapquest.com,3551983783827532
499,Benson,Harrisson,bharrissondu@jugem.jp,3561213361343555
500,Andromache,Mainwaring,amainwaringdv@china.com.cn,30516103527411
501,Nettie,Colquyte,ncolquytedw@cloudflare.com,5002350992547964
502,Anne-corinne,Burbage,aburbagedx@sourceforge.net,3529050902882001
503,Fran,Hinken,fhinkendy@arstechnica.com,3573415940807234
504,Brinn,Kasbye,bkasbyedz@behance.net,3534485894494527
505,Timmie,Marris,tmarrise0@fc2.com,5473400558154026
506,Dominga,Sandiland,dsandilande1@ox.ac.uk,67065101085914890
507,Jedidiah,Speerman,jspeermane2@mozilla.com,5100179518360839
508,Elizabet,Dreher,edrehere3@bluehost.com,3536954410606318
509,Burl,Drysdell,bdrysdelle4@cbc.ca,491147227153195650
510,Aurelea,Fittis,afittise5@census.gov,201967857778564
511,Halley,Rowan,hrowane6@etsy.com,3569931719759345
512,Ruben,Gulley,rgulleye7@surveymonkey.com,372301104279593
513,Lainey,Westgarth,lwestgarthe8@salon.com,3561659275427233
514,Rebeka,Garz,rgarze9@salon.com,3556932216317442
515,Constantia,Vautier,cvautierea@alibaba.com,560223240220107821
516,Doyle,Byass,dbyasseb@unblog.fr,5602227377062005
517,Barbie,Maddigan,bmaddiganec@nydailynews.com,6763477695112329949
518,Sandye,Iannazzi,siannazzied@noaa.gov,3553475375102885
519,Krissy,Hanway,khanwayee@squidoo.com,6706508060573688873
520,Katusha,Olman,kolmanef@answers.com,5602252502991370220
521,Jeri,Aleksidze,jaleksidzeeg@linkedin.com,3535167321516424
522,Viola,Buckoke,vbuckokeeh@slashdot.org,3538512231761361
523,Gigi,Polland,gpollandei@discovery.com,3583058565155899
524,Marci,Atyea,matyeaej@wired.com,5610153957794397
525,Loy,Kreutzer,lkreutzerek@quantcast.com,5602249045340514300
526,Walton,Lagne,wlagneel@usa.gov,30033262403574
527,Katee,Sterricker,ksterrickerem@canalblog.com,4405894202535752
528,Benedikt,Stoacley,bstoacleyen@geocities.jp,3542679603116815
529,Raul,Gress,rgresseo@walmart.com,3563736867871693
530,Cozmo,Durham,cdurhamep@ycombinator.com,6379197316308265
531,Kalvin,Gorelli,kgorellieq@umn.edu,3541240075493173
532,Dory,Caldayrou,dcaldayrouer@google.co.jp,4041378222780
533,Stevana,Wakeham,swakehames@eepurl.com,630401398565543920
534,Shara,Ryson,srysonet@yale.edu,30131525422850
535,Arleen,Di Pietro,adipietroeu@360.cn,6763397110438015955
536,Urban,Skep,uskepev@creativecommons.org,3555820131360657
537,Lynett,Canon,lcanonew@yelp.com,30429488713194
538,Seana,Geering,sgeeringex@bbb.org,5020207462252749
539,Angie,Limerick,alimerickey@people.com.cn,5100133640177603
540,Ingar,Rosser,irosserez@desdev.cn,5218484130316329
541,Harrie,Shewen,hshewenf0@google.cn,5421740347664873
542,Heather,Kembley,hkembleyf1@nsw.gov.au,3565893305554809
543,Pepita,Gamlen,pgamlenf2@economist.com,3567406653720001
544,Pen,Witherbed,pwitherbedf3@usda.gov,3546935336555596
545,Reinhold,Fishleigh,rfishleighf4@latimes.com,374288588724889
546,Aron,Kliner,aklinerf5@photobucket.com,201427630451310
547,Belicia,Bickford,bbickfordf6@e-recht24.de,3578496220652354
548,Mathilde,Rebeiro,mrebeirof7@tinyurl.com,6375536522387213
549,Baryram,Piecha,bpiechaf8@t.co,4405473256552268
550,Marysa,Sircombe,msircombef9@rakuten.co.jp,201944887266506
551,Joshia,Whickman,jwhickmanfa@walmart.com,4175007887797872
552,Carlee,Dennick,cdennickfb@github.com,3553208881433563
553,Rolland,Brockett,rbrockettfc@blogs.com,3587727049482691
554,Allene,Hundall,ahundallfd@angelfire.com,3568323415512213
555,Pearce,Lavielle,plaviellefe@elegantthemes.com,3576161623087762
556,Pammi,Naden,pnadenff@wunderground.com,3555145519245654
557,Rodney,Fardo,rfardofg@youtu.be,5602228606891883
558,Marys,Giovannacci,mgiovannaccifh@diigo.com,3563445592871628
559,Sharline,Sinkings,ssinkingsfi@youtu.be,5002359574798143
560,Floria,Haggarty,fhaggartyfj@flavors.me,201724676877360
561,Tirrell,Bendixen,tbendixenfk@parallels.com,3587869135026238
562,Mathias,Gooder,mgooderfl@intel.com,3558865364562104
563,Hermia,Antognozzii,hantognozziifm@answers.com,3550210750504345
564,Milzie,Assante,massantefn@dell.com,3583041441147983
565,Rosie,Sissel,rsisselfo@xrea.com,3546409343416507
566,Madel,Stallwood,mstallwoodfp@blog.com,676278027904384109
567,Patric,Gammel,pgammelfq@auda.org.au,5108752537006567
568,Carl,Castlake,ccastlakefr@google.co.uk,3571683083074134
569,Barton,Furlong,bfurlongfs@clickbank.net,060419624328193913
570,Kathy,Murr,kmurrft@usa.gov,560222169612819159
571,Sarine,Shoorbrooke,sshoorbrookefu@geocities.com,56022326221832327
572,Imogen,Yardley,iyardleyfv@51.la,4041596569608
573,Deni,Chalker,dchalkerfw@blogspot.com,3562971331759585
574,Anthia,Pidwell,apidwellfx@marketwatch.com,3587508186649981
575,Edik,Marcone,emarconefy@google.com,5401030369956322
576,Adina,Brane,abranefz@wikipedia.org,3532834482102269
577,Joice,Dunridge,jdunridgeg0@furl.net,6398748179893756
578,Pippa,Norvill,pnorvillg1@lulu.com,30303885763492
579,Sampson,Cobain,scobaing2@independent.co.uk,3555583035507951
580,Laryssa,Sandeford,lsandefordg3@techcrunch.com,3543690865730754
581,Cyrus,McKaile,cmckaileg4@geocities.com,201955564210831
582,Lane,Crocetti,lcrocettig5@reddit.com,3573379430323302
583,Nevile,Manifold,nmanifoldg6@geocities.com,67591672484908934
584,Mureil,Delos,mdelosg7@chron.com,30270908379061
585,Silvia,Parmley,sparmleyg8@freewebs.com,3531121298338910
586,Austina,Mussotti,amussottig9@telegraph.co.uk,201889865851292
587,Mersey,Jurs,mjursga@shinystat.com,3564113389147995
588,Vinnie,Esslement,vesslementgb@rediff.com,343420716618786
589,Elbertine,Kimbrough,ekimbroughgc@mozilla.org,6398680259449243
590,Alena,Gurling,agurlinggd@timesonline.co.uk,633433795287125850
591,Bennie,Mainson,bmainsonge@springer.com,3556704065343252
592,Leshia,Corley,lcorleygf@archive.org,3560539882451076
593,Del,Lomaz,dlomazgg@archive.org,5602211371570536
594,Ruperto,Mityukov,rmityukovgh@is.gd,3557102383619256
595,Edsel,Hanwell,ehanwellgi@gravatar.com,6393361060099866
596,Conan,Lampet,clampetgj@phpbb.com,3573156019989574
597,Valentijn,Wakeling,vwakelinggk@t.co,3575511661087366
598,Prince,McCloughlin,pmccloughlingl@disqus.com,3581660204134714
599,Maxine,Pelcheur,mpelcheurgm@usgs.gov,3553417598080639
600,Heloise,Christley,hchristleygn@yelp.com,5641820860739510
601,Grace,Horbart,ghorbartgo@sohu.com,3551804009521511
602,Consuela,Frusher,cfrushergp@mac.com,3563022946832646
603,Halimeda,Rowatt,hrowattgq@netscape.com,342199851274289
604,Merrill,Jzak,mjzakgr@sogou.com,3584553965439157
605,Roxana,Heymes,rheymesgs@va.gov,5602249215794656
606,Selina,Prosh,sproshgt@linkedin.com,5522094966309412
607,Edan,Petchey,epetcheygu@hostgator.com,30205298383091
608,Dominique,Benardette,dbenardettegv@123-reg.co.uk,3585562073614154
609,Michael,McGinley,mmcginleygw@rediff.com,3531472997629673
610,Humbert,Meeke,hmeekegx@domainmarket.com,56022426313097514
611,Genny,Ainge,gaingegy@360.cn,3542245841900657
612,Gussie,Blaszczynski,gblaszczynskigz@comsenz.com,3581016151173041
613,Leola,Minett,lminetth0@wisc.edu,5641829451368951
614,Erik,Blazej,eblazejh1@github.io,3578675603295523
615,Noe,Stayte,nstayteh2@chicagotribune.com,5602242472526507
616,Kitty,Cathersides,kcathersidesh3@toplist.cz,676381004880103146
617,Reed,Jedrys,rjedrysh4@discovery.com,5108750670821735
618,Cosme,Black,cblackh5@ebay.co.uk,337941200120722
619,Irving,MacClure,imacclureh6@salon.com,3528256855825431
620,Lloyd,Farrand,lfarrandh7@free.fr,3556344029292152
621,Obie,Falloon,ofalloonh8@noaa.gov,5443588265327997
622,Hesther,Wallwork,hwallworkh9@ning.com,372301205876974
623,Marina,Kiezler,mkiezlerha@fc2.com,3582108719584758
624,Tansy,Jordi,tjordihb@aol.com,3550636517351671
625,Adrianna,Rosendale,arosendalehc@constantcontact.com,5602239387224376
626,Hilario,Gauche,hgauchehd@bravesites.com,6759077828295913
627,Timmy,Aidler,taidlerhe@mysql.com,3552161275130280
628,Prentice,Anespie,panespiehf@baidu.com,5020492012059030
629,Herman,Elix,helixhg@cisco.com,3539504047677732
630,Cami,Batte,cbattehh@t.co,5395602936810758
631,Tobey,Theobalds,ttheobaldshi@google.ru,374288540012282
632,Jenifer,Fulle,jfullehj@ycombinator.com,3582696959367249
633,Frans,Dominichetti,fdominichettihk@irs.gov,201528834542265
634,Alexis,Barradell,abarradellhl@mapquest.com,3545731696136171
635,Damara,Skellen,dskellenhm@examiner.com,372301167434515
636,Pen,McPhilemy,pmcphilemyhn@jigsy.com,3555214351890058
637,Ethe,Krollman,ekrollmanho@cpanel.net,633486528289762099
638,Norah,Daud,ndaudhp@baidu.com,503816263522034629
639,Chandal,Covell,ccovellhq@economist.com,5602233810310993
640,Yasmeen,Pucknell,ypucknellhr@devhub.com,6767901819114421
641,Tadeas,Tome,ttomehs@techcrunch.com,3536756427975440
642,Vanny,Tenniswood,vtenniswoodht@nytimes.com,374622555080877
643,Derrick,Starking,dstarkinghu@oakley.com,6759551679136049813
644,Nichols,Killelea,nkilleleahv@ihg.com,6759014149287251759
645,Annalee,Dunrige,adunrigehw@omniture.com,3556880387533539
646,Lyda,Eccleston,lecclestonhx@free.fr,3534774535998594
647,Beth,Kulis,bkulishy@pbs.org,4405669891684529
648,Desdemona,Leavold,dleavoldhz@bluehost.com,4917660310527408
649,Elysia,Goodger,egoodgeri0@fema.gov,374283279617419
650,Alix,Vasyunichev,avasyunichevi1@google.com,5602254816482479
651,Ebonee,Batecok,ebatecoki2@1688.com,3534438918327579
652,Gwenny,Hinksen,ghinkseni3@senate.gov,3582836946534275
653,Hillery,Thurlborn,hthurlborni4@cargocollective.com,3557866748461493
654,Kathye,Cuttles,kcuttlesi5@icq.com,3547131917069749
655,Fredia,Cropton,fcroptoni6@zdnet.com,5010129788925166
656,Brannon,Rumsey,brumseyi7@kickstarter.com,374622036230216
657,Wendye,Stoeck,wstoecki8@51.la,3585873395204883
658,Malvina,Hubery,mhuberyi9@ox.ac.uk,6761109225496871
659,Edythe,Vasyukhin,evasyukhinia@hc360.com,6771979010017415
660,Cher,Wanne,cwanneib@google.de,5018135622703203238
661,Sue,Ackred,sackredic@aol.com,30384441275486
662,Genevieve,Hallum,ghallumid@unicef.org,3556920671960509
663,Sigmund,Kwietek,skwietekie@baidu.com,3557835666707922
664,Leonerd,Ensor,lensorif@artisteer.com,4017950617894
665,Twila,Mityushkin,tmityushkinig@google.com.hk,3540784744134925
666,Von,Cuniffe,vcuniffeih@delicious.com,337941990535105
667,Kimmy,Hawkshaw,khawkshawii@rakuten.co.jp,3585974226258047
668,Herb,Dormand,hdormandij@mozilla.com,30035689018604
669,Xenia,Wehnerr,xwehnerrik@t-online.de,56102277348313597
670,Corabel,Hollow,chollowil@china.com.cn,3559015979563639
671,Jerri,Cahan,jcahanim@mapquest.com,3584380265556476
672,Pascal,Pittway,ppittwayin@so-net.ne.jp,4508692310761047
673,Margy,Hibling,mhiblingio@mapy.cz,491132569290494844
674,Celinda,Tukely,ctukelyip@nyu.edu,6709316178093788845
675,Lauraine,Cadogan,lcadoganiq@nifty.com,5602241292281402339
676,Duke,Lauks,dlauksir@xinhuanet.com,3571770818747751
677,Harcourt,Isselee,hisseleeis@usgs.gov,3562410379665024
678,Margarita,Ingliss,minglissit@dot.gov,30020801877764
679,Wain,Blackhall,wblackhalliu@t.co,633110963468987437
680,Anderea,Drillingcourt,adrillingcourtiv@usgs.gov,5602254832327229
681,Terra,Kehir,tkehiriw@goo.ne.jp,3568586332932348
682,Ginni,Adolf,gadolfix@abc.net.au,3561686598699404
683,Nalani,Kenneford,nkennefordiy@123-reg.co.uk,3572311588845779
684,Imojean,Croote,icrooteiz@go.com,3532245585738042
685,Clarabelle,Besant,cbesantj0@theguardian.com,337941027997187
686,Marco,Nappin,mnappinj1@dion.ne.jp,3541407740685323
687,Dukey,Loeber,dloeberj2@nydailynews.com,4017952730791220
688,Bowie,Thomasson,bthomassonj3@va.gov,3569219286655397
689,Belle,Spurgin,bspurginj4@webeden.co.uk,6761252564795369132
690,Yorgos,Naerup,ynaerupj5@typepad.com,060449979098438771
691,Carmella,Lindup,clindupj6@vimeo.com,374288992146034
692,Artus,Longstreeth,alongstreethj7@house.gov,3557460514465373
693,Rosemaria,Ivanilov,rivanilovj8@constantcontact.com,30477783494101
694,Tremain,McEvoy,tmcevoyj9@walmart.com,3578703162753706
695,Honoria,Lethley,hlethleyja@scientificamerican.com,6767394651898550
696,Arlan,Berard,aberardjb@arstechnica.com,3567511478126308
697,Ignaz,Puddifer,ipuddiferjc@dmoz.org,6385643693219874
698,Fields,Gristock,fgristockjd@godaddy.com,6771197128497439945
699,Kyle,Kynastone,kkynastoneje@joomla.org,5518931588134809
700,Gray,Lohan,glohanjf@mapy.cz,3579069053479259
701,Loreen,Cogger,lcoggerjg@wikipedia.org,4905747489587018
702,Bernhard,Churcher,bchurcherjh@statcounter.com,3546399006215702
703,Yard,Ivashin,yivashinji@foxnews.com,5490789402645901
704,Jeanna,Cholton,jcholtonjj@rediff.com,3568501972367127
705,Maurie,Woodhall,mwoodhalljk@marketwatch.com,6373245129322126
706,Audra,Blay,ablayjl@guardian.co.uk,50188416501284464
707,Raf,Laidler,rlaidlerjm@eventbrite.com,3537388848019027
708,Helenka,Eastope,heastopejn@diigo.com,201444164099977
709,Dyane,Lorryman,dlorrymanjo@ft.com,3544836392338061
710,Emmalyn,Fairlaw,efairlawjp@ebay.co.uk,3557588021754010
711,Codie,Lynas,clynasjq@oaic.gov.au,374283602115230
712,Reeta,Mines,rminesjr@telegraph.co.uk,4911045025293346
713,Welby,Goodlife,wgoodlifejs@tamu.edu,3545755351094722
714,Lurline,Wickerson,lwickersonjt@tmall.com,5893358235928443442
715,Joshia,Dorking,jdorkingju@theglobeandmail.com,5602227221046451
716,Rollo,Selbach,rselbachjv@google.co.uk,5555039899600783
717,Conny,Tyrer,ctyrerjw@webeden.co.uk,4913828479564892
718,Carri,Frears,cfrearsjx@jugem.jp,67630928735761826
719,Ammamaria,Berthelmot,aberthelmotjy@harvard.edu,3585383433802755
720,Nevsa,Boote,nbootejz@artisteer.com,6759284373876747
721,Shelby,Stuttard,sstuttardk0@archive.org,3577554645585202
722,Lamar,Perutto,lperuttok1@furl.net,67635719117442548
723,Rochella,Cockerham,rcockerhamk2@addtoany.com,4917308212750906
724,Carlin,Povah,cpovahk3@goo.ne.jp,4041590135234360
725,Coralie,Scroggins,cscrogginsk4@artisteer.com,6706702949858307
726,Chad,Mico,cmicok5@gravatar.com,56022505387242674
727,Staci,Hullah,shullahk6@yale.edu,3555003940190736
728,Shannah,Clipson,sclipsonk7@shop-pro.jp,3562756062687240
729,Caresse,Munn,cmunnk8@facebook.com,560224871277068752
730,Adelina,Roskeilly,aroskeillyk9@mysql.com,370156784166326
731,Vallie,Marven,vmarvenka@hostgator.com,30169715817422
732,Kin,Wines,kwineskb@netscape.com,3564375700855198
733,El,Poulter,epoulterkc@hubpages.com,5007664667267434
734,Chic,Gabbot,cgabbotkd@de.vu,4508536168414987
735,Hector,Hartly,hhartlyke@weather.com,6304543819933177294
736,Rozella,Pickworth,rpickworthkf@hhs.gov,3581704270100850
737,Misha,Stiell,mstiellkg@dedecms.com,67630029232996013
738,Danell,Ebunoluwa,debunoluwakh@washingtonpost.com,4026152262914527
739,Dorie,Wasielewski,dwasielewskiki@google.de,4508578097756153
740,Giordano,Rubie,grubiekj@redcross.org,3562760386668571
741,Zonnya,Charrington,zcharringtonkk@wiley.com,374288502511370
742,Margo,Ambrozik,mambrozikkl@dailymail.co.uk,3575426961658941
743,Ed,Bassindale,ebassindalekm@e-recht24.de,5100178300859792
744,Lawry,Tolliday,ltollidaykn@about.me,6304452680354357
745,Wain,Rosten,wrostenko@go.com,6377718451618895
746,Angelo,Oldcote,aoldcotekp@hhs.gov,67068194588182393
747,Claudetta,Sarchwell,csarchwellkq@hatena.ne.jp,6376896161570209
748,Ferd,Allport,fallportkr@sphinn.com,4041379634355169
749,Rosaline,MacGaughie,rmacgaughieks@bbc.co.uk,4405472438424172
750,Erin,Callaghan,ecallaghankt@constantcontact.com,347402363059486
751,Dexter,Armstead,darmsteadku@amazon.de,3572406829732206
752,Caz,Pharro,cpharrokv@bigcartel.com,3582980514151524
753,Wynny,Pawlick,wpawlickkw@ucoz.com,3579731404432259
754,Idette,Adolfson,iadolfsonkx@wikipedia.org,3588596888730752
755,Baillie,Barnewille,bbarnewilleky@uiuc.edu,3552797188516956
756,Elinor,Durrance,edurrancekz@go.com,3557227606333193
757,Amelia,Chalcot,achalcotl0@dyndns.org,3534454345369217
758,Ettore,McKissack,emckissackl1@123-reg.co.uk,3577541721727626
759,Christoper,Pidon,cpidonl2@fastcompany.com,374288117329002
760,Britte,Wickins,bwickinsl3@ihg.com,4905130450152403
761,Dennis,Roles,drolesl4@skype.com,5401462248050284
762,Pauli,Hickinbottom,phickinbottoml5@moonfruit.com,5234468509484081
763,Jarret,Frangione,jfrangionel6@technorati.com,4917558745657800
764,Nike,Cordeau],ncordeaul7@rediff.com,6387328536208726
765,Quintus,Ervin,qervinl8@trellian.com,201992784195575
766,Ivy,Chown,ichownl9@weebly.com,6767133824401698
767,Averil,Santos,asantosla@desdev.cn,3562187219927703
768,Alyse,Tant,atantlb@gnu.org,4917330275664089
769,Terrence,Leadbetter,tleadbetterlc@nytimes.com,3545037597231198
770,Patti,Hildrew,phildrewld@cnbc.com,5602258745999909
771,Roxi,Jevon,rjevonle@ox.ac.uk,201872830944871
772,Vic,Gofford,vgoffordlf@time.com,4017954504403
773,Byrom,Sproul,bsproullg@rambler.ru,6759500045026351747
774,Kristen,Craigmile,kcraigmilelh@hatena.ne.jp,3544182570028640
775,Kevon,Day,kdayli@blog.com,3581893972456155
776,Lorant,Najara,lnajaralj@wikia.com,4905766009516372
777,Ashley,Boys,aboyslk@google.nl,201899119165274
778,Taryn,Sommerscales,tsommerscalesll@foxnews.com,5602216302141666378
779,Sean,Ovenden,sovendenlm@loc.gov,4913272419296127
780,Rudy,Windless,rwindlessln@livejournal.com,3579884274301847
781,Reginald,Degoey,rdegoeylo@w3.org,3565509694505489
782,Marianne,Tissier,mtissierlp@wikia.com,3552094826042342
783,Muffin,Delagua,mdelagualq@weebly.com,3550385326496497
784,Cheryl,Forstall,cforstalllr@npr.org,3576221979489549
785,Ansell,Leven,alevenls@oaic.gov.au,4041375536323
786,Leoine,Harse,lharselt@guardian.co.uk,3533328020264805
787,Keen,Crates,kcrateslu@youku.com,201520719135430
788,Fredericka,Izon,fizonlv@eepurl.com,3558072276029278
789,Smith,Wagg,swagglw@cloudflare.com,374622335878863
790,Rikki,Matej,rmatejlx@harvard.edu,6370485386410791
791,Lian,Cumberland,lcumberlandly@uol.com.br,3541240348940455
792,Skippie,Elsey,selseylz@themeforest.net,3587772828158096
793,Phillip,Limon,plimonm0@nyu.edu,201418944514653
794,Yard,Farrin,yfarrinm1@google.com.br,201753694587776
795,Alfy,Bettenson,abettensonm2@wp.com,4405924004417303
796,Jade,McGlade,jmcgladem3@ca.gov,5602255868690331
797,Filippa,Marquis,fmarquism4@discovery.com,4844920801470429
798,Griffy,Kloster,gklosterm5@smh.com.au,3531890310345216
799,Harry,Martt,hmarttm6@samsung.com,5010127612443570
800,Sutherland,Debill,sdebillm7@facebook.com,3532472683868642
801,Celisse,Castellaccio,ccastellacciom8@e-recht24.de,4017956568266668
802,Kippy,Carles,kcarlesm9@usatoday.com,060463451294743835
803,Chip,Vasse,cvassema@va.gov,50383806450803871
804,Pacorro,Ervin,pervinmb@nifty.com,5573433932522468
805,Ardene,Hevey,aheveymc@google.ca,4903608070126016
806,Lucius,Coulling,lcoullingmd@shutterfly.com,3541522960381054
807,Ingmar,Linsley,ilinsleyme@china.com.cn,5484120000408245
808,Julie,Windley,jwindleymf@dmoz.org,3530950723269709
809,Marcus,Vedenyapin,mvedenyapinmg@edublogs.org,3549863249826150
810,Julietta,Hamilton,jhamiltonmh@indiatimes.com,3576941048651627
811,Adella,Poppleton,apoppletonmi@meetup.com,3533672077437495
812,Jerry,Eckh,jeckhmj@europa.eu,6709396328541115637
813,Charlean,Gebhard,cgebhardmk@globo.com,5500907911991826
814,Dean,Horsefield,dhorsefieldml@hugedomains.com,3555789424126176
815,Weidar,Cummings,wcummingsmm@abc.net.au,30505219083906
816,Smitty,Breche,sbrechemn@youtube.com,376629605386343
817,Wye,Bettridge,wbettridgemo@cbslocal.com,201411440638084
818,Englebert,Wooldridge,ewooldridgemp@redcross.org,3540638938042031
819,Merrile,Silvers,msilversmq@google.com.au,5602242756294764
820,Delbert,Harvey,dharveymr@hp.com,6706310172260974975
821,Merry,Ledwitch,mledwitchms@earthlink.net,3583729424914680
822,Anselma,Bedenham,abedenhammt@independent.co.uk,3552127335108350
823,Odette,Guidoni,oguidonimu@php.net,5002353067771683
824,Glen,Spat,gspatmv@blogtalkradio.com,3585571896210876
825,Lorry,Toth,ltothmw@samsung.com,3531390482485015
826,Maribel,Mouncey,mmounceymx@ovh.net,5537282510773521
827,Shellysheldon,Illiston,sillistonmy@mapquest.com,3556999174349485
828,Mollee,Carnelley,mcarnelleymz@eventbrite.com,4405514440376989
829,Pietro,Camerana,pcameranan0@meetup.com,4175009519033619
830,Gianni,Branthwaite,gbranthwaiten1@deviantart.com,5048375094384327
831,Dario,Ilyuchyov,dilyuchyovn2@slate.com,3549657034101591
832,Livia,Faldo,lfaldon3@nature.com,6709937042573646
833,Worth,Simmonds,wsimmondsn4@google.nl,370340314816689
834,Issy,Naldrett,inaldrettn5@soup.io,30474973821938
835,Stinky,Chittem,schittemn6@mapquest.com,5602212585839550
836,Paulie,Twallin,ptwallinn7@pcworld.com,56022528339969160
837,Adelaide,Loder,alodern8@topsy.com,490540728434947517
838,Yard,Uttermare,yuttermaren9@europa.eu,3584682120286730
839,Kare,Robertet,krobertetna@bloglines.com,5323262746774061
840,Allie,Tallow,atallownb@ucla.edu,5100135685797773
841,Shandra,McIlvenna,smcilvennanc@furl.net,30183944510690
842,Freddie,Kilfeather,fkilfeathernd@senate.gov,5177655867327352
843,Marten,Allsepp,mallseppne@is.gd,3587556736523495
844,Julie,Weare,jwearenf@apache.org,5602246886565779
845,Mallorie,Commings,mcommingsng@php.net,5602242518786899275
846,Bobbee,Russo,brussonh@jimdo.com,676793152889156490
847,Seth,Brimicombe,sbrimicombeni@naver.com,5038812407806889648
848,Josefa,Robatham,jrobathamnj@meetup.com,3584708258609870
849,Anabel,Molineaux,amolineauxnk@usa.gov,6382194679422879
850,Emera,Benito,ebenitonl@sciencedirect.com,4844487990976616
851,Ernest,MacKibbon,emackibbonnm@boston.com,3578705848159604
852,Gretta,Tomaskunas,gtomaskunasnn@spotify.com,3546630164077579
853,Bertrando,Lummus,blummusno@tinyurl.com,5048378724801629
854,Lyssa,Klazenga,lklazenganp@weibo.com,3560273919133404
855,Del,Heartfield,dheartfieldnq@google.de,5426177772253432
856,Ealasaid,Bulcroft,ebulcroftnr@weather.com,3547151265672373
857,Ardene,Beamson,abeamsonns@wikispaces.com,5602214304291979694
858,Germain,Pickthorn,gpickthornnt@livejournal.com,3557629871625312
859,Estrellita,Hearsum,ehearsumnu@sohu.com,3564564561802486
860,Davie,Dufaire,ddufairenv@ed.gov,5402863818784971
861,Fawne,Raund,fraundnw@chronoengine.com,3543764272931501
862,Christy,Auten,cautennx@indiegogo.com,201639337224374
863,Angele,Gloucester,agloucesterny@gnu.org,67099658359329493
864,Scott,Wooller,swoollernz@wsj.com,50388594949863897
865,Meggi,Collaton,mcollatono0@dropbox.com,30476622630289
866,Jess,Blampied,jblampiedo1@geocities.jp,3537527104523871
867,Lexi,Bagworth,lbagwortho2@howstuffworks.com,5002353283739464
868,Durant,Tutt,dtutto3@angelfire.com,0604295628190802083
869,Dolli,Eames,deameso4@abc.net.au,4911763667217326237
870,Eden,Pullar,epullaro5@sciencedirect.com,3541601427666792
871,Genny,Whatman,gwhatmano6@yellowbook.com,3550342366110322
872,Antonino,Woodman,awoodmano7@nsw.gov.au,5007660954166586
873,Christean,Parkins,cparkinso8@telegraph.co.uk,3555211344084484
874,Devonne,Curlis,dcurliso9@businessinsider.com,56022151889374721
875,Brose,Kneebone,bkneeboneoa@microsoft.com,503882129766002912
876,Delmor,Breakspear,dbreakspearob@toplist.cz,3572049561995530
877,Liane,Lake,llakeoc@cloudflare.com,633487927479362125
878,Dorri,Detoc,ddetocod@seattletimes.com,3575890261403698
879,Cornie,Nelles,cnellesoe@1688.com,5402032885699070
880,Shelba,Bradford,sbradfordof@spotify.com,6706966744350695459
881,Arvie,Nealy,anealyog@google.ru,3530181000942087
882,Margot,Gilding,mgildingoh@jiathis.com,6709829581222216
883,Pietra,Donnelly,pdonnellyoi@tripadvisor.com,4508817742129972
884,Shelba,Reddie,sreddieoj@wiley.com,3563919037883604
885,Shannen,Bugs,sbugsok@unc.edu,3535550145635472
886,Emlen,Spurett,espurettol@sohu.com,3536175389444875
887,Ortensia,Shepton,osheptonom@oakley.com,5588039231086502
888,Deonne,Kobpal,dkobpalon@soundcloud.com,67631350963632042
889,Tanhya,MacDonough,tmacdonoughoo@scientificamerican.com,3563539821801511
890,Johnathan,Loadwick,jloadwickop@smh.com.au,374283383435138
891,Alick,Leisman,aleismanoq@columbia.edu,30488727282601
892,Ruddy,Lettice,rletticeor@multiply.com,3576190854242960
893,Leticia,Tuckett,ltuckettos@mail.ru,3556476368399857
894,Melonie,Yanyushkin,myanyushkinot@typepad.com,3558587478147966
895,Jerrome,Simonnet,jsimonnetou@dyndns.org,3539048372422983
896,Tillie,Ossulton,tossultonov@deliciousdays.com,3561824579212083
897,Sol,Thurlborn,sthurlbornow@sphinn.com,5641825791885925076
898,Henrieta,Hache,hhacheox@webnode.com,3588796142588729
899,Ase,Gilley,agilleyoy@cafepress.com,560225787272630827
900,Randall,Lovemore,rlovemoreoz@sourceforge.net,4903790176374482
901,Blinny,Dybald,bdybaldp0@cnbc.com,4508941649948233
902,Karim,Nickoll,knickollp1@ycombinator.com,201568706679407
903,August,Feeley,afeeleyp2@dailymotion.com,3587573430958380
904,Berke,Fenwick,bfenwickp3@statcounter.com,201577234288748
905,Kirstyn,Buyers,kbuyersp4@amazon.com,3582519505450139
906,Clemens,Antonietti,cantoniettip5@amazonaws.com,3586602757821862
907,Horst,Nardi,hnardip6@about.me,5007663788655469
908,Horatio,Sole,hsolep7@mapquest.com,3533024977734458
909,Reinaldo,Lurner,rlurnerp8@arstechnica.com,3574952644572010
910,Barnett,Featherstonhaugh,bfeatherstonhaughp9@dot.gov,3530499400165301
911,Tiebold,Spitaro,tspitaropa@xinhuanet.com,374283569021132
912,Stesha,Noone,snoonepb@edublogs.org,3529129061548916
913,Brandy,Erett,berettpc@netvibes.com,3561651553246526
914,Hermann,Axton,haxtonpd@addtoany.com,3562734209591963
915,Marlena,Streat,mstreatpe@unblog.fr,3544690211295436
916,Trey,Alcido,talcidopf@sourceforge.net,3578425152067976
917,Kitti,Keneford,kkenefordpg@mediafire.com,3571504870788027
918,Bartholemy,Mewton,bmewtonph@woothemes.com,4017959962068706
919,Bren,Gircke,bgirckepi@prnewswire.com,3555684584417343
920,Jayme,Beaze,jbeazepj@t.co,3529740170737776
921,Pippo,Fearnyough,pfearnyoughpk@amazon.de,4405301448647946
922,Neila,Gorgen,ngorgenpl@dedecms.com,3541072701045451
923,Pauline,Bolding,pboldingpm@amazon.com,3576854090545706
924,Stella,Treweek,streweekpn@bravesites.com,3536579167699669
925,Gallagher,Knee,gkneepo@mapy.cz,3563454281579914
926,Jenna,Ralestone,jralestonepp@tamu.edu,201694808003591
927,Waneta,Nashe,wnashepq@uol.com.br,675906063919713398
928,Dall,Ovendon,dovendonpr@prnewswire.com,3578108504413441
929,Constantino,Ridsdole,cridsdoleps@mtv.com,6333315618859224
930,Dorie,Tearney,dtearneypt@loc.gov,3548637081988323
931,Glenn,Atkins,gatkinspu@skype.com,372301374274837
932,Zahara,Audsley,zaudsleypv@senate.gov,3543931653484703
933,Corrina,Casari,ccasaripw@state.gov,3568914764605283
934,Ardelle,Peachman,apeachmanpx@time.com,3530758242951313
935,Dinah,Tomankiewicz,dtomankiewiczpy@latimes.com,67628031333440085
936,Toddy,Cham,tchampz@oracle.com,4911078537960771
937,Troy,Dawkes,tdawkesq0@altervista.org,4041379438369
938,Kariotta,Pavlovsky,kpavlovskyq1@1688.com,3572610803046166
939,Roxana,Jerdein,rjerdeinq2@usatoday.com,5002354379591249
940,Kermit,Blissett,kblissettq3@mapquest.com,6304206313852793
941,Myrta,Dominelli,mdominelliq4@networkadvertising.org,3577325341894309
942,Agnola,Deelay,adeelayq5@admin.ch,5155365292161576
943,Joby,Hort,jhortq6@homestead.com,560225796957066389
944,Josee,Gammel,jgammelq7@howstuffworks.com,4755568463595
945,Archambault,Marns,amarnsq8@usatoday.com,201454520542222
946,Fanchette,Wathen,fwathenq9@nba.com,67632047128695448
947,Amie,McCambrois,amccambroisqa@google.com.au,5610517208375965064
948,Fitz,Stephens,fstephensqb@samsung.com,6334933499891257928
949,Bunnie,Theakston,btheakstonqc@privacy.gov.au,5602235253225835461
950,Nicoli,Puxley,npuxleyqd@devhub.com,5100132328144414
951,Holly,McCrackem,hmccrackemqe@ucsd.edu,502051289844820128
952,Claire,Bouchard,cbouchardqf@java.com,3530404016192483
953,Thorstein,Biskupek,tbiskupekqg@gravatar.com,201843347140709
954,Laurene,Noore,lnooreqh@gizmodo.com,5010122524652616
955,Wernher,Ceschelli,wceschelliqi@bloomberg.com,3575691527476217
956,Kim,Bootell,kbootellqj@amazon.de,5162978834706988
957,Lettie,Clinnick,lclinnickqk@deviantart.com,201413025587306
958,Myca,Lofty,mloftyql@canalblog.com,676748706555220280
959,Deidre,Jendas,djendasqm@geocities.com,5602243151907877
960,Leora,Mournian,lmournianqn@admin.ch,5020918859181289
961,Blanca,Trussell,btrussellqo@netvibes.com,372301490490689
962,Rica,Minchinton,rminchintonqp@tmall.com,36476622912129
963,Merola,Klaus,mklausqq@networksolutions.com,3566076572362820
964,Tildy,Muggleston,tmugglestonqr@yellowpages.com,201495578159518
965,Ema,Sotworth,esotworthqs@multiply.com,3550427933715826
966,Park,Estcourt,pestcourtqt@apache.org,4913696339639828
967,Prue,Graysmark,pgraysmarkqu@spiegel.de,4844837163576132
968,Chiquia,Benam,cbenamqv@msn.com,5602230184227576628
969,Xaviera,Skunes,xskunesqw@ebay.com,3538712931857739
970,Gertrude,Sweetland,gsweetlandqx@weebly.com,5602212331977423
971,Orton,Maypole,omaypoleqy@unicef.org,3534330304950298
972,Cyndia,Roston,crostonqz@forbes.com,201405218729562
973,Christophe,Winterbotham,cwinterbothamr0@dailymotion.com,5893325835085168
974,Anabelle,Dundendale,adundendaler1@arstechnica.com,4041596827448440
975,Dell,Welbourn,dwelbournr2@hud.gov,4911576772103039709
976,Vaughn,Ropp,vroppr3@goo.gl,3543510999369222
977,Willi,Nevitt,wnevittr4@msn.com,374288068472744
978,Geri,Tanton,gtantonr5@nytimes.com,630486530600449162
979,Lynelle,Triggs,ltriggsr6@blogtalkradio.com,6709195574499892
980,Jsandye,Droogan,jdrooganr7@examiner.com,374622950905660
981,Harman,Newbegin,hnewbeginr8@1und1.de,4300632048359623
982,Jeanna,Queen,jqueenr9@indiegogo.com,201784649568496
983,Eal,Graver,egraverra@unc.edu,3589711733819788
984,Budd,Melhuish,bmelhuishrb@shutterfly.com,3552644885353491
985,Caterina,Cooper,ccooperrc@prlog.org,5048374838708586
986,Lezlie,Dyson,ldysonrd@privacy.gov.au,374622463204536
987,Matthus,Batthew,mbatthewre@yahoo.com,4849244461055
988,Terra,Short,tshortrf@home.pl,5038260165656625
989,Doug,Meriot,dmeriotrg@discuz.net,5002355248989456
990,Gordy,Rainard,grainardrh@flavors.me,4905848473658405502
991,Ximenez,Sprules,xsprulesri@ca.gov,4508731163928343
992,Eolande,Burgett,eburgettrj@booking.com,3566133323443951
993,Alistair,Kaszper,akaszperrk@blog.com,5434697971026719
994,Maude,Davitt,mdavittrl@aboutads.info,3572143619668940
995,Patricio,Hegarty,phegartyrm@slashdot.org,3575372064056460
996,Sara,McKean,smckeanrn@yale.edu,3555684078583063
997,Heath,Husset,hhussetro@indiegogo.com,6759540758306940417
998,Roxane,Wimlett,rwimlettrp@bbc.co.uk,3543017926655814
999,Gabrila,Swatman,gswatmanrq@ow.ly,3548194708619485
1000,Georgeanne,Gerrans,ggerransrr@g.co,676369056644235982
